{
    "data": {
        "Binex": [
            {
                "category": "Binex", 
                "description": "-\r\n\r\n`nc ctf.joints.id 17074`\r\n\r\nAuthor: root", 
                "files": [
                    "/files/2d55fc0104a395dd52874177bdb933d0/math2?token=eyJ1c2VyX2lkIjoyMDMsInRlYW1faWQiOjk0LCJmaWxlX2lkIjozN30.XtzoRA.naoch26RKZKOeA6XWKj_MptGLrE", 
                    "/files/36552407e978805b8c82df59720b8d27/libc6_2.23-0ubuntu11_amd64.so?token=eyJ1c2VyX2lkIjoyMDMsInRlYW1faWQiOjk0LCJmaWxlX2lkIjozOH0.XtzoRA.QCXBa8XY38CawDUeKEe4-d-vZA8"
                ], 
                "hints": [
                    "-"
                ], 
                "id": 32, 
                "name": "math2", 
                "points": 500, 
                "solves": 1
            }, 
            {
                "category": "Binex", 
                "description": "`nc ctf.joints.id 17078`\r\n\r\nAuthor: root", 
                "files": [
                    "/files/ae551145417b7d6e462b1d88e2ce7bd7/diary?token=eyJ1c2VyX2lkIjoyMDMsInRlYW1faWQiOjk0LCJmaWxlX2lkIjo0Nn0.XtzoRA.oR2A3ZXQ2uq5O1jP_PZ-v3WPL-A", 
                    "/files/cd093e75093dbcbb8c6a7a070189940f/diary.c?token=eyJ1c2VyX2lkIjoyMDMsInRlYW1faWQiOjk0LCJmaWxlX2lkIjo0N30.XtzoRA.e5JFP2QoDjihVfQn7GbMQlY49VI", 
                    "/files/24f7c97442a0b7014b48ce41b77ea3ee/libc6_2.31-0ubuntu9_amd64.so?token=eyJ1c2VyX2lkIjoyMDMsInRlYW1faWQiOjk0LCJmaWxlX2lkIjo2OH0.XtzoRA.ILeLlcLSSGui_j1RLD_RU6z89oc"
                ], 
                "hints": [
                    "-"
                ], 
                "id": 35, 
                "name": "diary", 
                "points": 500, 
                "solves": 0
            }, 
            {
                "category": "Binex", 
                "description": "`nc ctf.joints.id 17077`\r\n\r\nAuthor: root", 
                "files": [
                    "/files/049fcf122beba86b6644c7f9cb0b7fa5/sorting?token=eyJ1c2VyX2lkIjoyMDMsInRlYW1faWQiOjk0LCJmaWxlX2lkIjozOX0.XtzoRA.yFu881C5ARjCmmDSTXG_ayURnI8"
                ], 
                "hints": [
                    "-"
                ], 
                "id": 33, 
                "name": "sorting", 
                "points": 489, 
                "solves": 1
            }, 
            {
                "category": "Binex", 
                "description": "`nc ctf.joints.id 17072`\r\n\r\nAuthor: root", 
                "files": [
                    "/files/9bf9bacef014fbc3f53b9ace8466b94d/loggerV2?token=eyJ1c2VyX2lkIjoyMDMsInRlYW1faWQiOjk0LCJmaWxlX2lkIjo0MX0.XtzoRA.jMKiPi9gW5yT3KGRP68HtY_hOoc", 
                    "/files/c84b46fde9c60092f5e913714e5afd3e/loggerV2.c?token=eyJ1c2VyX2lkIjoyMDMsInRlYW1faWQiOjk0LCJmaWxlX2lkIjo0OH0.XtzoRA.Ukwg8e1SmuJrEv2cpryQ_gjbZf4", 
                    "/files/020fbf66f7f22ca2bd73dd64b481c372/libc6_2.31-0ubuntu9_amd64.so?token=eyJ1c2VyX2lkIjoyMDMsInRlYW1faWQiOjk0LCJmaWxlX2lkIjo2OX0.XtzoRA.dIstiUsSXJHcRGEQIGvhEmIGTWY"
                ], 
                "hints": [
                    "-"
                ], 
                "id": 34, 
                "name": "LoggerV2", 
                "points": 500, 
                "solves": 1
            }
        ], 
        "Crypto": [
            {
                "category": "Crypto", 
                "description": "`nc ctf.joints.id 8891`\r\n\r\nAuthor: vido21", 
                "files": [
                    "/files/f7595dbc4bd0e29b53b168778e19f7cb/ezChaCha.py?token=eyJ1c2VyX2lkIjoyMDMsInRlYW1faWQiOjk0LCJmaWxlX2lkIjo1MH0.XtzoRA.Al7Ud6qr7diebtDmW2MVAaxHQJw"
                ], 
                "hints": [
                    "-"
                ], 
                "id": 37, 
                "name": "ez Cha Cha", 
                "points": 475, 
                "solves": 2
            }, 
            {
                "category": "Crypto", 
                "description": "every website needs encryption to secure it, be careful with AES encryption on this website\r\n\r\nctf.joints.id:8892\r\n\r\nAuthor: vido21", 
                "files": [
                    "/files/d6f6fe8093ae335408384953b65261ab/soskod.php?token=eyJ1c2VyX2lkIjoyMDMsInRlYW1faWQiOjk0LCJmaWxlX2lkIjo1MX0.XtzoRA.Os0guF2cgKVOnzug7-lKkq1DMPQ"
                ], 
                "hints": [
                    "-"
                ], 
                "id": 38, 
                "name": "Include AES", 
                "points": 444, 
                "solves": 2
            }, 
            {
                "category": "Crypto", 
                "description": "ok, i ask you once again, is your script really sweet enough ?\r\n\r\n`nc ctf.joints.id 9997`\r\n\r\nAuthor : Yeraisci", 
                "files": [
                    "/files/0ef87c324ef3ea3ae021c53732beadf3/main.py?token=eyJ1c2VyX2lkIjoyMDMsInRlYW1faWQiOjk0LCJmaWxlX2lkIjo1Mn0.XtzoRA._ZMJtkKwKOF8bGGUGNxsXTd1eeg"
                ], 
                "hints": [
                    "agent_object = {\"agent_uid\":0,\"agent_status\":\"active\",\"agent_username\":\"\",\"agent_role\":\"staff\",\"agent_age\":69}"
                ], 
                "id": 39, 
                "name": "Script Sweet 0x02", 
                "points": 500, 
                "solves": 0
            }, 
            {
                "category": "Crypto", 
                "description": "`nc ctf.joints.id 8890`\r\n\r\n\r\nAuthor: vido21", 
                "files": [
                    "/files/db325241e60dc92d5ff1ffb90560778c/babyMD5.py?token=eyJ1c2VyX2lkIjoyMDMsInRlYW1faWQiOjk0LCJmaWxlX2lkIjo0OX0.XtzoRA.K0GgCtO5BYluJfhEBU5mvlWaN2U"
                ], 
                "hints": [
                    "-"
                ], 
                "id": 36, 
                "name": "babyMD5", 
                "points": 400, 
                "solves": 3
            }
        ], 
        "Forensic": [
            {
                "category": "Forensic", 
                "description": "> Dalam perjalanan mencari wejangan hidup, seorang *Hikki-NEET*, sebut saja Kazuma, menemukan **Time capsule** yang dicache menggunakan CDN. Di sana, ia menemukan potongan pesan yang kabarnya merupakan peninggalan dari seorang **Damegami** sehingga wajar saja apabila pesan yang ditinggalkannya dalam keadaan yang acak-acakan.\r\n\r\nAuthor: Yui", 
                "files": [
                    "/files/d7914d1e32dd92eb638df75da80e5d2f/time-capsule.pcap?token=eyJ1c2VyX2lkIjoyMDMsInRlYW1faWQiOjk0LCJmaWxlX2lkIjo1Nn0.XtzoRA.L-vjak_Oeaxku21fRUjP74-U3AM"
                ], 
                "hints": [
                    "-"
                ], 
                "id": 42, 
                "name": "Time Capsule", 
                "points": 500, 
                "solves": 0
            }, 
            {
                "category": "Forensic", 
                "description": "Welcome, Agent Ari SN007, glad you're back. We've been investigating a suspicious syndicate running a website on the dark web. It turns out that the website is protected by heavily secured password protection system, so there is no way we can leak the password. Fortunately, our other agent has been managed plant some sort of keylogger into one of the syndicate member. \r\nYour mission, should you choose to accept it, is to get the password of the website.\r\n\r\nAuthor: vido21", 
                "files": [
                    "/files/3f82e71812b6b87471bf34aea1dc6d1e/usb.pcapng?token=eyJ1c2VyX2lkIjoyMDMsInRlYW1faWQiOjk0LCJmaWxlX2lkIjo1N30.XtzoRA.5V5jg8NRoS_Foe6SOqJly-U_p3U", 
                    "/files/34ea884db1ff965c15578a57d2e8ea5a/index.js?token=eyJ1c2VyX2lkIjoyMDMsInRlYW1faWQiOjk0LCJmaWxlX2lkIjo1OH0.XtzoRA.jmeyuOmca65PNwKrPkSq9aeL_Ug", 
                    "/files/ce28a3652c3cc4815005b605d4d13055/index.html?token=eyJ1c2VyX2lkIjoyMDMsInRlYW1faWQiOjk0LCJmaWxlX2lkIjo1OX0.XtzoRA.ozCTFkErOosScLyG1psPV24Jupk", 
                    "/files/eae143e2d809bc1b2da9f42509ae2be8/index.css?token=eyJ1c2VyX2lkIjoyMDMsInRlYW1faWQiOjk0LCJmaWxlX2lkIjo2MH0.XtzoRA.zGlEE_FG15ukJmtGVYNBNsROrDQ"
                ], 
                "hints": [
                    "-"
                ], 
                "id": 43, 
                "name": "USB Pcap", 
                "points": 100, 
                "solves": 10
            }, 
            {
                "category": "Forensic", 
                "description": ">Sebuah agensi menerima **S-Rank Quest** dari client bernama Regigigas. Dalam permintaannya, Regigigas menyebutkan bahwa ia membutuhkan seseorang yang mampu memecahkan kode pada monolit dengan beberapa bekas kerusakan\r\n\r\nAuthor: Yui", 
                "files": [
                    "/files/0169c8a7d6c635062dcb6675e2558dc4/QUEST.png?token=eyJ1c2VyX2lkIjoyMDMsInRlYW1faWQiOjk0LCJmaWxlX2lkIjo1M30.XtzoRA.FhoA15Ml7_ARhZqonyzIxfiQgno"
                ], 
                "hints": [
                    "-"
                ], 
                "id": 40, 
                "name": "A pleasant new game", 
                "points": 500, 
                "solves": 0
            }, 
            {
                "category": "Forensic", 
                "description": ">In order to stop Dr. Weil's ultimate weapon, Zero sacrificed his life to take down the Ragnarok. He knew that he had no chance to return safely. Thus, he left his final message to Ciel before the Ragnarok final explosion.\r\n\r\nAuthor: Yui", 
                "files": [
                    "/files/eebb14c0c8881a7369fb1299827c6a13/zero.pcap?token=eyJ1c2VyX2lkIjoyMDMsInRlYW1faWQiOjk0LCJmaWxlX2lkIjo1NH0.XtzoRA.srgT_mfKCFBWIy1dLMWV87PpZxQ", 
                    "/files/32878a000c337a6851cbff9452e3cd1a/request.exe?token=eyJ1c2VyX2lkIjoyMDMsInRlYW1faWQiOjk0LCJmaWxlX2lkIjo1NX0.XtzoRA.uvJeQ_usVq_C7oe16sAVvgKr-7M"
                ], 
                "hints": [
                    "-"
                ], 
                "id": 41, 
                "name": "The Fallen of Ragnarok", 
                "points": 500, 
                "solves": 0
            }
        ], 
        "Reverse Engineering": [
            {
                "category": "Reverse Engineering", 
                "description": "\r\nFlag : JOINTS20{<32-bit signed int>}\r\n\r\nAuthor: Mawar", 
                "files": [
                    "/files/8f75e576c33feba4787371442693e897/Challenge.txt?token=eyJ1c2VyX2lkIjoyMDMsInRlYW1faWQiOjk0LCJmaWxlX2lkIjo2N30.XtzoRA.JuvYEMTnjg0-YMnKYgcQ-TDAxoA"
                ], 
                "hints": [
                    "-"
                ], 
                "id": 53, 
                "name": "Challenge", 
                "points": 194, 
                "solves": 8
            }, 
            {
                "category": "Reverse Engineering", 
                "description": "Author: lunashci", 
                "files": [
                    "/files/483afea015b26772855b90923d3bedbe/Engineering?token=eyJ1c2VyX2lkIjoyMDMsInRlYW1faWQiOjk0LCJmaWxlX2lkIjo2Nn0.XtzoRA.fXXFmTet4jPp-HmkYs28_2ZwWic"
                ], 
                "hints": [
                    "-"
                ], 
                "id": 52, 
                "name": "Engineering", 
                "points": 194, 
                "solves": 7
            }, 
            {
                "category": "Reverse Engineering", 
                "description": "e613f94fda230fdcf69c2be75b136cb4ff4a9bfd85cacc8c2b0c8f8cd1180ad325b034c602ccb96e\r\n\r\nAuthor: lunashci", 
                "files": [
                    "/files/6b2ad77356f3beeee8055373d37c5ee6/Reverse?token=eyJ1c2VyX2lkIjoyMDMsInRlYW1faWQiOjk0LCJmaWxlX2lkIjo2NX0.XtzoRA.NAK5a_FhiFymCwCRz9mZmary7OE"
                ], 
                "hints": [
                    "-"
                ], 
                "id": 51, 
                "name": "Reverse", 
                "points": 100, 
                "solves": 9
            }
        ], 
        "Web": [
            {
                "category": "Web", 
                "description": "ctf.joints.id:10002\r\n\r\nPemilu tahun 2019 sudah terlewati, namun pada bulan ini, terdapat sebuah \r\nkasus data breach sejumlah 200 juta data yang menimpa KPU Joints Jaya.\r\nMohon bantu kami mencari celahnya agar bisa kami perbaiki.\r\n\r\n[KPU_Joints_Jaya.zip](https://drive.google.com/file/d/1K7pdmqUT_sUx5gY2XIPk0QXKK_O_QzNV/view?usp=sharing)\r\n\r\nCredits:\r\n- cacadosman\r\n- naifriot", 
                "files": [], 
                "hints": [
                    "I think there is a vuln on nginx, but no, its actually on other service", 
                    "some dependencies may cause a vulnerability"
                ], 
                "id": 47, 
                "name": "KPU Joints Jaya", 
                "points": 500, 
                "solves": 0
            }, 
            {
                "category": "Web", 
                "description": "ctf.joints.id:40003\r\n\r\nAuthor: vido21", 
                "files": [], 
                "hints": [
                    "-"
                ], 
                "id": 46, 
                "name": "SecureStringMatching", 
                "points": 194, 
                "solves": 8
            }, 
            {
                "category": "Web", 
                "description": "ctf.joints.id:1337\r\n\r\nTolong testing aplikasi CurMas yang baru kami buat, terimakasih<br>\r\n<br>\r\nAuthor : Yeraisci", 
                "files": [], 
                "hints": [
                    "Try to chain 2 vuln. Also i am self-ish and dont have XXXX protection on my body, very fragile.", 
                    "Flag ada di profile admin ya"
                ], 
                "id": 45, 
                "name": "OldSkool", 
                "points": 500, 
                "solves": 0
            }, 
            {
                "category": "Web", 
                "description": "ctf.joints.id:10005\r\n\r\nTolong bantu saya mencari informasi mengenai clan Uchiha.\r\nSaya sudah mencari di berbagai sumber, namun sepertinya informasi \r\ntersebut disembunyikan oleh Hokage Ketujuh.\r\n\r\n[konoha.zip](https://drive.google.com/file/d/1OxxCmGMje8rK94JDCQW0p1YxU-_VVcps/view?usp=sharing)\r\n\r\nAuthor: cacadosman", 
                "files": [], 
                "hints": [
                    "-"
                ], 
                "id": 50, 
                "name": "Rahasia Desa Konoha", 
                "points": 275, 
                "solves": 6
            }
        ]
    }, 
    "title": "Joints CTF 2020", 
    "url": "http://ctf.joints.id"
}